plotIDyear,ACUHYD,AGORET,AMPINT,ANIRUS,CALFRI,CHLEMA,CICSEX,CYMNEG,GASHON,HARRUB,OLIPAR,POELUC,SYNAME,APELUC2,CARGOR,CARSER,CYMCRI,CYMLIM,CYMPLA2,DICPOL,MYACYA,NOTAEN,PLADEC,PTEADO,PTECOR1,PTEMUT2,PTEPEN,PTEROS,PTETRI3,SPHCAN,SPHSTE3,SYNIMP,TRIAUT,cups,totalIndividuals,density,ShannonBeetle,SimpsonBeetle,spNum,CARGOR_den,SYNIMP_den,SPHSTE3_den,PTETRI3_den,PTEPEN_den,CARGOR_relabun,SYNIMP_relabun,SPHSTE3_relabun,PTETRI3_relabun,PTEPEN_relabun,plotID,nlcdClass,DF_BA,EGBA,AM_BA,ECM_BA,totalBA,PerEG_BA,PerECM_BA,Shan_BA,Sim_BA,DF_ST,EF_ST,AM_ST,ECM_ST,totalStems,PerEG_ST,PerECM_ST,Shan_ST,Sim_ST,logDen,logSYN,sqrtSYN,logcCARGOR,logCARGOR_relabun,logPTETRI3,logPTETRI3_relabun,logPTEPEN_den,logPTEPEN_relabun,logSPHSTE3_den,logSPHSTE3_relabun,siteID
HARV_001 2014,0,0,0,0,0,0,0,0,0,0,0,0,0,1,1,0,0,0,0,0,0,0,0,0,0,0,7,0,2,2,10.5,3.5,0,36,27,0.75,1.6118342602422078,0.7510288065843622,7,2.7777777777777777,9.722222222222223,29.166666666666668,5.555555555555555,19.444444444444446,3.7037037037037033,12.962962962962962,38.88888888888889,7.4074074074074066,25.925925925925924,HARV_001,deciduousForest,7306.728854999999,2468.73224,691.279275,9084.18182,9775.461094999999,25.254381517233178,92.92842283057546,0.971497672762893,0.5332003953918627,10,5,4,11,15,33.33333333333333,73.33333333333333,1.3397942802855756,0.7288888888888889,-0.2876820724517809,2.372318431008721,3.6004114991154776,1.329135947279942,1.548350220454262,1.8803128665695001,2.1291131514770734,3.0177111802727663,3.29308961152919,3.4067375620377707,3.6860978111520595,HARV
HARV_001 2015,0,0,0,0,0,0,0,0,0,0,0,0,0,0,2,0,0,0,0,0,0,0,0,0,0,0,2,0,0,2,5,9,0,36,20,0.5555555555555556,1.3966775814761836,0.705,5,5.555555555555555,25,13.88888888888889,0,5.555555555555555,10,45,25,0,10,HARV_001,deciduousForest,7306.728854999999,2468.73224,691.279275,9084.18182,9775.461094999999,25.254381517233178,92.92842283057546,0.971497672762893,0.5332003953918627,10,5,4,11,15,33.33333333333333,73.33333333333333,1.3397942802855756,0.7288888888888889,-0.587786664902119,3.258096538021482,6.708203932499369,1.8803128665695001,2.3978952727983707,0,0,1.8803128665695001,2.3978952727983707,2.700615222614692,3.258096538021482,HARV
HARV_001 2016,0,1,0,0,0,0,0,0,0,0,0,0,0,0,2,0,0,0,0,1,0,0,0,0,0,0,1,0,2,3,10,7,0,39,27,0.6923076923076923,1.7137758452053748,0.7681755829903978,8,5.128205128205128,17.94871794871795,25.64102564102564,5.128205128205128,2.564102564102564,7.4074074074074066,25.925925925925924,37.03703703703704,7.4074074074074066,3.7037037037037033,HARV_001,deciduousForest,7306.728854999999,2468.73224,691.279275,9084.18182,9775.461094999999,25.254381517233178,92.92842283057546,0.971497672762893,0.5332003953918627,10,5,4,11,15,33.33333333333333,73.33333333333333,1.3397942802855756,0.7288888888888889,-0.3677247801253174,2.941736274818555,5.091750772173155,1.812901905801864,2.1291131514770734,1.812901905801864,2.1291131514770734,1.2709122870010452,1.548350220454262,3.282452344969581,3.638560343924229,HARV
HARV_001 2017,0,0,0,0,0,0,0,0,0,0,0,0,0,0,24,0,0,0,0,0,0,0,0,0,0,0,1,0,0,3,11,3,0,44,42,0.9545454545454546,1.136674054922858,0.5941043083900227,5,54.54545454545454,6.8181818181818175,25,0,2.272727272727273,57.14285714285714,7.142857142857142,26.190476190476193,0,2.380952380952381,HARV_001,deciduousForest,7306.728854999999,2468.73224,691.279275,9084.18182,9775.461094999999,25.254381517233178,92.92842283057546,0.971497672762893,0.5332003953918627,10,5,4,11,15,33.33333333333333,73.33333333333333,1.3397942802855756,0.7288888888888889,-0.04652001563489282,2.056452023455137,2.6726124191242437,4.017201686373225,4.062903036387282,0,0,1.1856236656577395,1.2181574393178924,3.258096538021482,3.3028667719325875,HARV
HARV_001 2018,1,0,0,0,0,0,0,0,0,0,0,0,0,0,41,2,0,0,0,0,0,0,0,1,0,0,1,1,0,7,19,74,0,30,147,4.9,1.3053354599715619,0.6494516173816465,9,136.66666666666666,246.66666666666669,63.33333333333333,0,3.3333333333333335,27.89115646258503,50.34013605442177,12.925170068027212,0,0.6802721088435374,HARV_001,deciduousForest,7306.728854999999,2468.73224,691.279275,9084.18182,9775.461094999999,25.254381517233178,92.92842283057546,0.971497672762893,0.5332003953918627,10,5,4,11,15,33.33333333333333,73.33333333333333,1.3397942802855756,0.7288888888888889,1.589235205116581,5.512083756049649,7.095078297976828,4.924835304292923,3.363535543534535,0,0,1.4663370687934272,0.5189557498492409,4.164077900236776,2.6336979988825533,HARV
HARV_001 2019,0,0,0,0,0,0,0,0,0,0,0,0,0,0,53,0,0,0,0,0,0,0,0,1,0,0,3,0,1,5,26,9,0,30,98,3.2666666666666666,1.2558447334560636,0.6249479383590171,7,176.66666666666666,30,86.66666666666667,3.3333333333333335,10,54.08163265306123,9.183673469387756,26.53061224489796,1.0204081632653061,3.061224489795918,HARV_001,deciduousForest,7306.728854999999,2468.73224,691.279275,9084.18182,9775.461094999999,25.254381517233178,92.92842283057546,0.971497672762893,0.5332003953918627,10,5,4,11,15,33.33333333333333,73.33333333333333,1.3397942802855756,0.7288888888888889,1.1837700970084166,3.4339872044851463,3.0304576336566322,5.179909135497735,4.008816314907378,1.4663370687934272,0.7032995520239632,2.3978952727983707,1.4014845266138658,4.473541743509655,3.3152985580971293,HARV
HARV_002 2014,0,0,0,0,0,0,0,0,0,0,0,0,0,1,11.583333333333334,5,0,0,0,1,0,0,0,0,0,0,2.25,3,16.333333333333332,5.583333333333333,7.25,6,3,36,62.00000000000001,1.7222222222222223,2.1081833539394874,0.851521852237253,11,32.17592592592593,16.666666666666664,20.13888888888889,45.37037037037037,6.25,18.682795698924732,9.677419354838708,11.693548387096774,26.34408602150537,3.6290322580645156,HARV_002,deciduousForest,7628.956665,292.590895,544.77567,7376.77189,7921.54756,3.693607755098803,93.12286310378474,1.0567778575600555,0.5364887163346916,12,1,5,8,13,7.6923076923076925,61.53846153846154,1.412744636863848,0.7218934911242604,0.5436154465889816,2.871679624884012,3.1108550841912757,3.5018244901807343,2.979744939407035,3.8366606856557146,3.3085002722688635,1.9810014688665833,1.5323478307145295,3.0511144194055757,2.5410938633723115,HARV
HARV_002 2015,0,0,0,0,0,0,0,0,0,0,0,0,0,0,2,0,1,0,0,1,0,0,0,0,0,0,7,4,13,4,4,21,0,36,57,1.5833333333333333,1.7812528366566969,0.780547860880271,9,5.555555555555555,58.333333333333336,11.11111111111111,36.11111111111111,19.444444444444446,3.508771929824561,36.84210526315789,7.017543859649122,22.807017543859647,12.280701754385964,HARV_002,deciduousForest,7628.956665,292.590895,544.77567,7376.77189,7921.54756,3.693607755098803,93.12286310378474,1.0567778575600555,0.5364887163346916,12,1,5,8,13,7.6923076923076925,61.53846153846154,1.412744636863848,0.7218934911242604,0.45953232937844013,4.083171261623976,6.069769786668839,1.8803128665695001,1.5060248170606696,3.613916415640481,3.169980392000319,3.0177111802727663,2.5863119856028987,2.4941233048929243,2.0816321230596544,HARV
HARV_002 2016,0,0,0,0,0,0,0,0,0,0,0,0,0,0,0,0,0,0,0,0,0,0,0,0,0,0,2,0,3,2,2,9,0,40,18,0.45,1.3776083609300551,0.6851851851851851,5,0,22.5,5,7.5,5,0,50,11.11111111111111,16.666666666666664,11.11111111111111,HARV_002,deciduousForest,7628.956665,292.590895,544.77567,7376.77189,7921.54756,3.693607755098803,93.12286310378474,1.0567778575600555,0.5364887163346916,12,1,5,8,13,7.6923076923076925,61.53846153846154,1.412744636863848,0.7218934911242604,-0.7985076962177716,3.1570004211501135,7.0710678118654755,0,0,2.1400661634962708,2.871679624884012,1.791759469228055,2.4941233048929243,1.791759469228055,2.4941233048929243,HARV
HARV_002 2017,0,0,0,0,0,0,0,0,0,0,0,0,0,0,6,2,0,0,1,0,0,1,0,0,0,0,1,2,9,1,10,1,0,44,34,0.7727272727272727,1.8697717698051455,0.801038062283737,10,13.636363636363635,2.272727272727273,22.727272727272727,20.454545454545457,2.272727272727273,17.647058823529413,2.941176470588235,29.411764705882355,26.47058823529412,2.941176470588235,HARV_002,deciduousForest,7628.956665,292.590895,544.77567,7376.77189,7921.54756,3.693607755098803,93.12286310378474,1.0567778575600555,0.5364887163346916,12,1,5,8,13,7.6923076923076925,61.53846153846154,1.412744636863848,0.7218934911242604,-0.2578291093020998,1.1856236656577395,1.7149858514250884,2.6835090921860925,2.9256884298210646,3.06593653222724,3.3131159136126813,1.1856236656577395,1.37147927533475,3.166625134524323,3.414829530452213,HARV
HARV_002 2018,0,0,0,0,0,14,0,0,0,0,0,0,1,0,11,4,0,1,0,1,0,0,0,0,0,1,0,3,9,4,7,15,0,30,71,2.3666666666666667,2.125680051318703,0.8577663162071018,12,36.666666666666664,50,23.333333333333332,30,0,15.492957746478872,21.12676056338028,9.859154929577464,12.676056338028168,0,HARV_002,deciduousForest,7628.956665,292.590895,544.77567,7376.77189,7921.54756,3.693607755098803,93.12286310378474,1.0567778575600555,0.5364887163346916,12,1,5,8,13,7.6923076923076925,61.53846153846154,1.412744636863848,0.7218934911242604,0.8614824953791601,3.9318256327243257,4.596385597769217,3.628775530044231,2.8029334865564017,3.4339872044851463,2.6156465912500093,0,0,3.1918471524802814,2.385008496522014,HARV
HARV_002 2019,0,0,0,0,0,18,0,1,0,0,0,0,0,0,17,2,0,0,0,2,0,0,0,1,0,0,0,4,2,1,1,2,0,21,51,2.4285714285714284,1.749832037037154,0.750480584390619,11,80.95238095238095,9.523809523809524,4.761904761904762,9.523809523809524,0,33.33333333333333,3.9215686274509802,1.9607843137254901,3.9215686274509802,0,HARV_002,deciduousForest,7628.956665,292.590895,544.77567,7376.77189,7921.54756,3.693607755098803,93.12286310378474,1.0567778575600555,0.5364887163346916,12,1,5,8,13,7.6923076923076925,61.53846153846154,1.412744636863848,0.7218934911242604,0.8873031950009027,2.35364026379433,1.9802950859533486,4.406138358488116,3.536116699561526,2.35364026379433,1.5936273064074582,0,0,1.751268107873318,1.0854542040905986,HARV
HARV_004 2014,0,0,1,0,0,0,0,0,0,0,0,0,0,0,0,0,1,1,1,0,0,0,3.5,0,0,1,21.416666666666668,0,0,2.583333333333333,5.583333333333333,23.916666666666664,0,36,62,1.7222222222222223,1.5789382370716691,0.7175395999537519,10,0,66.43518518518518,15.50925925925926,0,59.49074074074075,0,38.5752688172043,9.00537634408602,0,34.543010752688176,HARV_004,mixedForest,5535.677715,0,3719.4603250000005,1816.21739,5535.677715,0,32.809305084336906,1.1325328857980872,0.6035460813783209,7,0,5,2,7,0,28.57142857142857,1.277034259466139,0.6938775510204082,0.5436154465889816,4.211166917093696,6.210899195543613,0,0,0,0,4.102490307716531,3.570743533620377,2.8039213907389207,2.3031225829290496,HARV
HARV_004 2015,0,1,0,0,0,0,0,0,0,0,0,0,0,0,7,0,0,0,1,0,0,1,3,0,0,0,40,0,2,10,4,104,0,36,173,4.805555555555555,1.2374166677914689,0.5791038791807277,10,19.444444444444446,288.88888888888886,11.11111111111111,5.555555555555555,111.11111111111111,4.046242774566474,60.115606936416185,2.312138728323699,1.1560693641618496,23.121387283236995,HARV_004,mixedForest,5535.677715,0,3719.4603250000005,1816.21739,5535.677715,0,32.809305084336906,1.1325328857980872,0.6035460813783209,7,0,5,2,7,0,28.57142857142857,1.277034259466139,0.6938775510204082,1.569772656041669,5.669497707800509,7.753425496928192,3.0177111802727663,1.6186439613418233,1.8803128665695001,0.7682868251460365,4.719490443017389,3.1830988860937737,2.4941233048929243,1.1975941222169606,HARV
HARV_004 2016,0,0,0,0,0,0,0,0,0,0,0,0,0,0,1,0,2,0,1,0,0,0,3,0,0,0,3,0,0,2,5,11,0,40,28,0.7,1.7683366524180246,0.778061224489796,8,2.5,27.500000000000004,12.5,0,7.5,3.571428571428571,39.285714285714285,17.857142857142858,0,10.714285714285714,HARV_004,mixedForest,5535.677715,0,3719.4603250000005,1816.21739,5535.677715,0,32.809305084336906,1.1325328857980872,0.6035460813783209,7,0,5,2,7,0,28.57142857142857,1.277034259466139,0.6938775510204082,-0.35667494393873245,3.349904087274605,6.267831705280087,1.252762968495368,1.519825753744413,0,0,2.1400661634962708,2.46080909820894,2.6026896854443837,2.9368917735310576,HARV
HARV_004 2017,0,2,0,0,0,0,0,0,0,0,0,0,0,0,8,0,0,0,1,0,0,0,1,0,0,2,10,2,0,1,3,13,0,43,43,1,1.8900269794204663,0.8069226608977826,10,18.6046511627907,30.23255813953488,6.976744186046512,0,23.25581395348837,18.6046511627907,30.23255813953488,6.976744186046512,0,23.25581395348837,HARV_004,mixedForest,5535.677715,0,3719.4603250000005,1816.21739,5535.677715,0,32.809305084336906,1.1325328857980872,0.6035460813783209,7,0,5,2,7,0,28.57142857142857,1.277034259466139,0.6938775510204082,0,3.441461080829675,5.498414147691576,2.975766842308293,2.975766842308293,0,0,3.18865633930721,3.18865633930721,2.0765303314723775,2.0765303314723775,HARV
HARV_004 2018,1,1,0,0,0,1,0,0,0,0,0,0,0,0,17,0,0,0,0,1,0,2,1,1,0,2,3,0,0,6,2,12,0,29,50,1.7241379310344827,1.988247337205266,0.8016,13,58.620689655172406,41.37931034482759,6.896551724137931,0,10.344827586206897,34,24,4,0,6,HARV_004,mixedForest,5535.677715,0,3719.4603250000005,1816.21739,5535.677715,0,32.809305084336906,1.1325328857980872,0.6035460813783209,7,0,5,2,7,0,28.57142857142857,1.277034259466139,0.6938775510204082,0.5447271754416719,3.7466602795795607,4.898979485566356,4.088002655696816,3.5553480614894135,0,0,2.4287619207788977,1.9459101490553132,2.0664261735677654,1.6094379124341003,HARV
HARV_004 2019,0,3,0,0,0,2,0,0,0,0,0,0,0,0,7,0,0,0,0,0,0,0,2,0,0,2,6,0,1,6,4,0,0,24,33,1.375,2.038253559406862,0.8539944903581267,9,29.166666666666668,0,16.666666666666664,4.166666666666666,25,21.21212121212121,0,12.121212121212121,3.0303030303030303,18.181818181818183,HARV_004,mixedForest,5535.677715,0,3719.4603250000005,1816.21739,5535.677715,0,32.809305084336906,1.1325328857980872,0.6035460813783209,7,0,5,2,7,0,28.57142857142857,1.277034259466139,0.6938775510204082,0.3184537311185346,0,0,3.4067375620377707,3.100638140420171,1.642227735257091,1.3938415667552735,3.258096538021482,2.953962860677696,2.871679624884012,2.5742301665360094,HARV
HARV_005 2014,0,0,0,0,0,0,0,0,0,0,0,0,0,0,12.066666666666666,1,0,0,0,0,1,0,0,0,3.4,3,13.233333333333334,0,3.833333333333333,2.4,4.5,20.066666666666666,4.5,34,69,2.0294117647058822,2.02169703800656,0.8305164647949776,11,35.490196078431374,59.01960784313726,13.23529411764706,11.274509803921568,38.92156862745098,17.48792270531401,29.082125603864732,6.521739130434782,5.555555555555555,19.17874396135266,HARV_005,deciduousForest,7725.659569999999,1080.777305,2330.4213999999997,6476.015475,8806.436875,12.272583342624598,73.53729512766195,0.90943505759261,0.5395744038834174,16,5,12,9,21,23.809523809523807,42.857142857142854,0.9773202089564674,0.5804988662131519,0.7077459799810979,4.094671306221087,5.392784587192848,3.597043623917925,2.9171176921603332,2.5075247383757726,1.8803128665695001,3.6869167449460876,3.0046297712318064,2.6557243821004706,2.017797378568629,HARV
HARV_005 2015,0,1,0,0,0,0,0,0,0,0,0,1,0,0,21,2,0,0,0,0,0,0,1,1,0,0,12,1,7,0,6,64,3,36,120,3.3333333333333335,1.5460215143608242,0.6677777777777778,12,58.333333333333336,177.77777777777777,16.666666666666664,19.444444444444446,33.33333333333333,17.5,53.333333333333336,5,5.833333333333333,10,HARV_005,deciduousForest,7725.659569999999,1080.777305,2330.4213999999997,6476.015475,8806.436875,12.272583342624598,73.53729512766195,0.90943505759261,0.5395744038834174,16,5,12,9,21,23.809523809523807,42.857142857142854,0.9773202089564674,0.5804988662131519,1.2039728043259361,5.1861435696561635,7.302967433402215,4.083171261623976,2.917770732084279,3.0177111802727663,1.9218125974762528,3.536116699561526,2.3978952727983707,2.871679624884012,1.791759469228055,HARV
HARV_005 2016,0,0,0,0,1,0,0,0,0,0,0,0,0,0,15,0,0,0,0,0,0,0,3,0,0,0,1,0,0,1,6,5,0,39,32,0.8205128205128205,1.505912894672342,0.708984375,7,38.46153846153847,12.82051282051282,15.384615384615385,0,2.564102564102564,46.875,15.625,18.75,0,3.125,HARV_005,deciduousForest,7725.659569999999,1080.777305,2330.4213999999997,6476.015475,8806.436875,12.272583342624598,73.53729512766195,0.90943505759261,0.5395744038834174,16,5,12,9,21,23.809523809523807,42.857142857142854,0.9773202089564674,0.5804988662131519,-0.19782574332991992,2.626153924779351,3.952847075210474,3.675326487709233,3.86859344750081,0,0,1.2709122870010452,1.4170660197866443,2.7963428082478887,2.9831534913471307,HARV
HARV_005 2017,0,1,0,0,0,0,0,0,0,0,0,0,0,0,68,5,0,0,0,0,0,0,0,1,0,0,2,0,3,1,6,22,0,40,109,2.725,1.2197026021326183,0.5635889234912885,9,170,55.00000000000001,15,7.5,5,62.38532110091744,20.18348623853211,5.5045871559633035,2.7522935779816518,1.834862385321101,HARV_005,deciduousForest,7725.659569999999,1080.777305,2330.4213999999997,6476.015475,8806.436875,12.272583342624598,73.53729512766195,0.90943505759261,0.5395744038834174,16,5,12,9,21,23.809523809523807,42.857142857142854,0.9773202089564674,0.5804988662131519,1.0024684281152074,4.02535169073515,4.49260350337442,5.14166355650266,4.149232306259651,2.1400661634962708,1.322367273813658,1.791759469228055,1.0419933946686017,2.772588722239781,1.872507644302984,HARV
HARV_005 2018,0,1,0,0,0,0,0,1,0,1,0,0,0,0,61,4,1,1,1,1,0,3,1,0,1,1,3,0,3,0,9,66,4,29,163,5.620689655172414,1.608882683191338,0.6903534193985472,18,210.3448275862069,227.58620689655174,31.03448275862069,10.344827586206897,10.344827586206897,37.423312883435585,40.49079754601227,5.521472392638037,1.8404907975460123,1.8404907975460123,HARV_005,deciduousForest,7725.659569999999,1080.777305,2330.4213999999997,6476.015475,8806.436875,12.272583342624598,73.53729512766195,0.90943505759261,0.5395744038834174,16,5,12,9,21,23.809523809523807,42.857142857142854,0.9773202089564674,0.5804988662131519,1.7264543708202882,5.431913412254918,6.363237976534609,5.3534910534992575,3.6486643817186506,2.4287619207788977,1.0439768532794718,2.4287619207788977,1.0439768532794718,3.4668129088273645,1.8751001775351857,HARV
HARV_005 2019,0,0,0,0,0,13,0,0,0,0,0,0,1,0,3,2,1,0,0,0,0,0,0,0,0,0,1,0,0,0,0,2,1,18,24,1.3333333333333333,1.5358551955461086,0.6701388888888891,8,16.666666666666664,11.11111111111111,0,0,5.555555555555555,12.5,8.333333333333332,0,0,4.166666666666666,HARV_005,deciduousForest,7725.659569999999,1080.777305,2330.4213999999997,6476.015475,8806.436875,12.272583342624598,73.53729512766195,0.90943505759261,0.5395744038834174,16,5,12,9,21,23.809523809523807,42.857142857142854,0.9773202089564674,0.5804988662131519,0.28768207245178085,2.4941233048929243,2.8867513459481287,2.871679624884012,2.6026896854443837,0,0,1.8803128665695001,1.642227735257091,0,0,HARV
HARV_006 2014,0,0,0,0,0,0,0,1,0,0,0,0,0,0,2.5,5.666666666666666,0,0,0,0,0,8.166666666666666,0,0,0,1,0,1,3,1,2.5,30.5,6.666666666666666,36,62.99999999999999,1.7499999999999998,1.7344787947847244,0.7231040564373897,11,6.944444444444445,84.72222222222221,6.944444444444445,8.333333333333332,0,3.968253968253969,48.41269841269842,3.968253968253969,4.761904761904763,0,HARV_006,deciduousForest,9120.126299999996,193.57862,1016.8454599999999,8296.85946,9313.704919999996,2.0784276682882075,89.08226673773558,0.7812072697163136,0.4029908490530074,22,2,8,16,24,8.333333333333332,66.66666666666666,1.1907825152919047,0.65625,0.5596157879354225,4.451112094466996,6.957923426763076,2.0724728723637424,1.6030684641486206,2.2335922215070942,1.7512681078733183,0,0,2.0724728723637424,1.6030684641486206,HARV
HARV_006 2015,0,0,0,0,0,0,0,1,0,0,0,0,1,1,18,8,0,0,5,0,1,13,0,0,0,2,1,1,1,2,5,125,0,36,185,5.138888888888889,1.3046112270678487,0.5252885317750182,15,50,347.22222222222223,13.88888888888889,2.7777777777777777,2.7777777777777777,9.72972972972973,67.56756756756756,2.7027027027027026,0.5405405405405406,0.5405405405405406,HARV_006,deciduousForest,9120.126299999996,193.57862,1016.8454599999999,8296.85946,9313.704919999996,2.0784276682882075,89.08226673773558,0.7812072697163136,0.4029908490530074,22,2,8,16,24,8.333333333333332,66.66666666666666,1.1907825152919047,0.65625,1.636836886622215,5.852840845579747,8.219949365267864,3.9318256327243257,2.373018368042966,1.329135947279942,0.43213335519032575,1.329135947279942,0.43213335519032575,2.700615222614692,1.3090630131839005,HARV
HARV_006 2016,0,0,0,0,0,0,0,0,0,0,0,0,1,0,3,5,0,0,0,0,0,2,0,0,0,0,1,3,2,1,3,41,3,40,65,1.625,1.4627014163063412,0.5850887573964497,11,7.5,102.49999999999999,7.5,5,2.5,4.615384615384616,63.07692307692307,4.615384615384616,3.076923076923077,1.5384615384615385,HARV_006,deciduousForest,9120.126299999996,193.57862,1016.8454599999999,8296.85946,9313.704919999996,2.0784276682882075,89.08226673773558,0.7812072697163136,0.4029908490530074,22,2,8,16,24,8.333333333333332,66.66666666666666,1.1907825152919047,0.65625,0.4855078157817008,4.639571612705423,7.9420981533171116,2.1400661634962708,1.7255100836868544,1.791759469228055,1.405342556090585,1.252762968495368,0.9315582040049435,2.1400661634962708,1.7255100836868544,HARV
HARV_006 2017,0,0,0,1,0,0,0,0,0,0,0,0,0,2,13,11,0,0,2,0,3,6,0,0,0,0,0,2,3,1,7,40,1,44,92,2.090909090909091,1.8870184413266125,0.7627599243856333,13,29.545454545454547,90.9090909090909,15.909090909090908,6.8181818181818175,0,14.130434782608695,43.47826086956522,7.608695652173914,3.260869565217391,0,HARV_006,deciduousForest,9120.126299999996,193.57862,1016.8454599999999,8296.85946,9313.704919999996,2.0784276682882075,89.08226673773558,0.7812072697163136,0.4029908490530074,22,2,8,16,24,8.333333333333332,66.66666666666666,1.1907825152919047,0.65625,0.7375989431307791,4.520799946222101,6.59380473395787,3.419215887164834,2.716708263845325,2.056452023455137,1.4494732627414222,0,0,2.8278514009148306,2.1527728147653855,HARV
HARV_006 2018,0,0,0,0,0,0,0,3,0,0,0,0,0,0,23,4,1,0,1,0,1,10,0,0,0,1,0,0,2,7,7,31,2,30,93,3.1,1.9470923280473582,0.8005549774540409,13,76.66666666666667,103.33333333333334,23.333333333333332,6.666666666666667,0,24.731182795698924,33.33333333333333,7.526881720430108,2.1505376344086025,0,HARV_006,deciduousForest,9120.126299999996,193.57862,1016.8454599999999,8296.85946,9313.704919999996,2.0784276682882075,89.08226673773558,0.7812072697163136,0.4029908490530074,22,2,8,16,24,8.333333333333332,66.66666666666666,1.1907825152919047,0.65625,1.1314021114911006,4.647590901872044,5.773502691896257,4.352426164897591,3.247703594755117,2.03688192726104,1.1475731158638114,0,0,3.1918471524802814,2.1432237284815923,HARV
HARV_006 2019,0,0,0,0,0,0,1,1,0,0,0,0,1,0,19,8,0,1,1,0,0,15,0,0,0,3,0,0,0,4,5,13,1,30,73,2.433333333333333,2.051648873014301,0.8358040908237944,13,63.33333333333333,43.333333333333336,16.666666666666664,0,0,26.027397260273972,17.80821917808219,6.8493150684931505,0,0,HARV_006,deciduousForest,9120.126299999996,193.57862,1016.8454599999999,8296.85946,9313.704919999996,2.0784276682882075,89.08226673773558,0.7812072697163136,0.4029908490530074,22,2,8,16,24,8.333333333333332,66.66666666666666,1.1907825152919047,0.65625,0.8892620594862357,3.791736839553644,4.219978575547771,4.164077900236776,3.296851064874224,0,0,0,0,2.871679624884012,2.0604262755663485,HARV
HARV_008 2018,0,0,0,0,0,0,0,0,0,0,0,0,0,0,10,1,2,0,0,0,0,0,0,0,1,0,5,5,1,7,10,72,0,30,114,3.8,1.3583589136762062,0.5775623268698061,10,33.33333333333333,240,33.33333333333333,3.3333333333333335,16.666666666666664,8.771929824561402,63.1578947368421,8.771929824561402,0.8771929824561403,4.385964912280701,HARV_008,deciduousForest,8038.563494999999,366.48288,451.07337500000006,7953.973,8405.046375,4.360271956262705,94.63330296021121,0.8903542969891964,0.483245762012144,9,1,2,8,10,10,80,1.2798542258336676,0.7,1.33500106673234,5.484796933490655,7.947194142390263,3.536116699561526,2.2795139720927335,1.4663370687934272,0.6297775666273561,2.871679624884012,1.6837964797526468,3.536116699561526,2.2795139720927335,HARV
HARV_008 2019,0,0,0,0,0,0,0,0,0,0,0,0,0,0,16,0,0,0,0,0,0,0,1,0,1,1,5,1,3,0,1,22,0,24,51,2.125,1.5061907315891438,0.7004998077662437,9,66.66666666666666,91.66666666666666,4.166666666666666,12.5,20.833333333333336,31.372549019607842,43.13725490196079,1.9607843137254901,5.88235294117647,9.803921568627452,HARV_008,deciduousForest,8038.563494999999,366.48288,451.07337500000006,7953.973,8405.046375,4.360271956262705,94.63330296021121,0.8903542969891964,0.483245762012144,9,1,2,8,10,10,80,1.2798542258336676,0.7,0.7537718023763802,4.529008825022527,6.567895774291854,4.214593690373677,3.477310811195802,2.6026896854443837,1.92896059074154,3.0834378539730967,2.3799091764285887,1.642227735257091,1.0854542040905986,HARV
HARV_010 2014,0,0,0,0,0,0,0,0,0,0,0,0,0,1,10,2.5,0,0,0,0,0,0,0,2,0,6.5,0,4,9,2,12,18,0,36,67,1.8611111111111112,2.0043694744384513,0.8390510135887725,10,27.77777777777778,50,33.33333333333333,25,0,14.925373134328357,26.865671641791046,17.91044776119403,13.432835820895523,0,HARV_010,mixedForest,5198.682505,4318.01918,609.5951299999999,8907.106555,9516.701685,45.373064354911534,93.59447054055683,1.1028810201998054,0.619304520372753,5,8,3,10,13,61.53846153846154,76.92307692307693,1.1569876443452742,0.6272189349112427,0.621173680934856,3.9318256327243257,5.183210553488161,3.3596034843633182,2.7679136319107873,3.258096538021482,2.6695058760623285,0,0,3.536116699561526,2.939714560930173,HARV
HARV_010 2015,0,0,0,0,0,0,0,0,0,0,0,0,0,0,12,0,0,0,0,0,1,0,0,0,0,0,0,6,4,1,9,69,0,35,102,2.914285714285714,1.1147474792593615,0.5155709342560553,7,34.285714285714285,197.14285714285717,25.71428571428571,11.428571428571429,0,11.76470588235294,67.64705882352942,8.823529411764707,3.9215686274509802,0,HARV_010,mixedForest,5198.682505,4318.01918,609.5951299999999,8907.106555,9516.701685,45.373064354911534,93.59447054055683,1.1028810201998054,0.619304520372753,5,8,3,10,13,61.53846153846154,76.92307692307693,1.1569876443452742,0.6272189349112427,1.0696247517948574,5.288988271259519,8.224783208299744,3.563478187572664,2.5466840094842436,2.5199979695992702,1.5936273064074582,0,0,3.2851984677992734,2.2847804683605393,HARV
HARV_010 2016,0,0,0,0,0,0,0,0,0,0,0,0,0,0,3,0,0,0,1,0,0,0,0,1,0,0,0,1,8,2,3,6,0,40,25,0.625,1.804313535190778,0.8,8,7.5,15,7.5,20,0,12,24,12,32,0,HARV_010,mixedForest,5198.682505,4318.01918,609.5951299999999,8907.106555,9516.701685,45.373064354911534,93.59447054055683,1.1028810201998054,0.619304520372753,5,8,3,10,13,61.53846153846154,76.92307692307693,1.1569876443452742,0.6272189349112427,-0.4700036292457356,2.772588722239781,4.898979485566356,2.1400661634962708,2.5649493574615367,3.044522437723423,3.4965075614664802,0,0,2.1400661634962708,2.5649493574615367,HARV
HARV_010 2017,0,0,0,0,0,0,0,0,0,0,0,0,0,0,29,1,0,0,0,0,1,1,0,2,0,2,0,10,3,1,23,15,0,44,88,2,1.7559393648112076,0.7784090909090909,11,65.9090909090909,34.090909090909086,52.27272727272727,6.8181818181818175,0,32.95454545454545,17.045454545454543,26.136363636363637,3.4090909090909087,0,HARV_010,mixedForest,5198.682505,4318.01918,609.5951299999999,8907.106555,9516.701685,45.373064354911534,93.59447054055683,1.1028810201998054,0.619304520372753,5,8,3,10,13,61.53846153846154,76.92307692307693,1.1569876443452742,0.6272189349112427,0.6931471805599453,3.5579420966664603,4.128614119223852,4.203334845930506,3.5250227317745013,2.056452023455137,1.4836685251450668,0,0,3.975424516778642,3.300874660034286,HARV
HARV_010 2018,0,0,0,0,0,0,0,0,0,0,0,0,0,1,78,0,2,0,0,0,5,0,0,0,0,1,0,7,4,4,30,79,1,30,212,7.066666666666666,1.48304476461454,0.7032306870772518,11,260,263.3333333333333,100,13.333333333333334,0,36.79245283018868,37.264150943396224,14.150943396226415,1.8867924528301887,0,HARV_010,mixedForest,5198.682505,4318.01918,609.5951299999999,8907.106555,9516.701685,45.373064354911534,93.59447054055683,1.1028810201998054,0.619304520372753,5,8,3,10,13,61.53846153846154,76.92307692307693,1.1569876443452742,0.6272189349112427,1.955388893009857,5.5772109329667385,6.104436988240294,5.564520407322694,3.6321094221136963,2.662587827025453,1.0601460078403135,0,0,4.61512051684126,2.7180628003946397,HARV
HARV_010 2019,0,0,0,0,0,0,0,0,0,0,0,0,0,0,75,3,0,0,0,2,0,3,0,2,0,0,0,6,3,8,7,21,0,30,130,4.333333333333333,1.4720410718412582,0.6301775147928996,10,250,70,23.333333333333332,10,0,57.692307692307686,16.153846153846153,5.384615384615385,2.307692307692308,0,HARV_010,mixedForest,5198.682505,4318.01918,609.5951299999999,8907.106555,9516.701685,45.373064354911534,93.59447054055683,1.1028810201998054,0.619304520372753,5,8,3,10,13,61.53846153846154,76.92307692307693,1.1569876443452742,0.6272189349112427,1.466337068793427,4.2626798770413155,4.019184762342502,5.5254529391317835,4.072308673822921,2.3978952727983707,1.1962507582320259,0,0,3.1918471524802814,1.8538912503350613,HARV
HARV_013 2014,0,0,0,0,0,0,0,0,0,0,0,0,0,0,5,0,0,0,0,0,0,0,0,0,0,0,6.5,0,0,1,3.5,1,0,36,17,0.4722222222222222,1.3862383968935905,0.7179930795847751,5,13.88888888888889,2.7777777777777777,9.722222222222223,0,18.055555555555554,29.411764705882355,5.88235294117647,20.588235294117645,0,38.23529411764706,HARV_013,evergreenForest,3550.593535,18931.861785000005,1459.152655,21023.302665,22482.455319999997,84.20726969335308,93.5098162801553,0.5431661732159476,0.2780475873073941,2,10,1,11,12,83.33333333333334,91.66666666666666,0.5660857389596289,0.29166666666666663,-0.750305594399894,1.329135947279942,2.4253562503633295,2.700615222614692,3.414829530452213,0,0,2.947358689269775,3.6695767018594077,2.372318431008721,3.072148503998354,HARV
HARV_013 2015,0,2,0,0,0,1,0,0,0,0,0,0,0,0,9,0,0,0,0,2,0,0,0,0,0,0,1,0,0,2,8,7,0,36,32,0.8888888888888888,1.7722731635431164,0.796875,8,25,19.444444444444446,22.22222222222222,0,2.7777777777777777,28.125,21.875,25,0,3.125,HARV_013,evergreenForest,3550.593535,18931.861785000005,1459.152655,21023.302665,22482.455319999997,84.20726969335308,93.5098162801553,0.5431661732159476,0.2780475873073941,2,10,1,11,12,83.33333333333334,91.66666666666666,0.5660857389596289,0.29166666666666663,-0.11778303565638351,3.0177111802727663,4.677071733467427,3.258096538021482,3.371596911885865,0,0,1.329135947279942,1.4170660197866443,3.1451096746285914,3.258096538021482,HARV
HARV_013 2016,0,0,0,0,0,0,0,0,0,0,0,0,0,0,0,0,1,0,0,1,0,0,0,0,0,0,0,0,0,4,5,0,0,39,11,0.28205128205128205,1.162225544921092,0.6446280991735538,4,0,0,12.82051282051282,0,0,0,0,45.45454545454545,0,0,HARV_013,evergreenForest,3550.593535,18931.861785000005,1459.152655,21023.302665,22482.455319999997,84.20726969335308,93.5098162801553,0.5431661732159476,0.2780475873073941,2,10,1,11,12,83.33333333333334,91.66666666666666,0.5660857389596289,0.29166666666666663,-1.2656663733312759,0,0,0,0,0,0,0,0,2.626153924779351,3.8384743174053337,HARV
HARV_013 2017,0,1,0,0,0,0,0,0,0,0,2,0,0,0,10,0,2,0,0,0,0,0,0,0,0,0,0,0,0,8,9,9,0,44,41,0.9318181818181818,1.7139619599318472,0.8007138607971446,7,22.727272727272727,20.454545454545457,20.454545454545457,0,0,24.390243902439025,21.951219512195124,21.951219512195124,0,0,HARV_013,evergreenForest,3550.593535,18931.861785000005,1459.152655,21023.302665,22482.455319999997,84.20726969335308,93.5098162801553,0.5431661732159476,0.2780475873073941,2,10,1,11,12,83.33333333333334,91.66666666666666,0.5660857389596289,0.29166666666666663,-0.07061756721395342,3.06593653222724,4.6852128566581825,3.166625134524323,3.234365001910661,0,0,0,0,3.06593653222724,3.1333710728810718,HARV
HARV_013 2018,0,0,1,0,0,0,0,0,0,0,1,0,0,1,20,0,0,0,0,0,0,0,0,0,0,0,0,0,0,2,41,15,0,30,81,2.7,1.2564473326525687,0.6474622770919067,7,66.66666666666666,50,136.66666666666666,0,0,24.691358024691358,18.51851851851852,50.617283950617285,0,0,HARV_013,evergreenForest,3550.593535,18931.861785000005,1459.152655,21023.302665,22482.455319999997,84.20726969335308,93.5098162801553,0.5431661732159476,0.2780475873073941,2,10,1,11,12,83.33333333333334,91.66666666666666,0.5660857389596289,0.29166666666666663,0.9932517730102834,3.9318256327243257,4.303314829119352,4.214593690373677,3.2461546717211958,0,0,0,0,4.924835304292923,3.9438565766841265,HARV
HARV_013 2019,0,0,1,0,0,0,0,0,0,0,0,0,0,1,17,0,1,0,0,0,0,0,0,0,0,0,0,0,0,3,45,2,0,30,70,2.3333333333333335,1.046401383253012,0.5244897959183672,7,56.666666666666664,6.666666666666667,150,0,0,24.285714285714285,2.857142857142857,64.28571428571429,0,0,HARV_013,evergreenForest,3550.593535,18931.861785000005,1459.152655,21023.302665,22482.455319999997,84.20726969335308,93.5098162801553,0.5431661732159476,0.2780475873073941,2,10,1,11,12,83.33333333333334,91.66666666666666,0.5660857389596289,0.29166666666666663,0.8472978603872037,2.03688192726104,1.6903085094570331,4.054679305829669,3.230239583518516,0,0,0,0,5.017279836814924,4.178773241838892,HARV
HARV_014 2014,0,0,0,0,0,0,0,0,0,0,0,0,0,1.5,16.416666666666668,0,0,0,2,0,0,0,0,0,0,0,8.666666666666668,5.75,14.25,0,13.166666666666668,22.25,0,37,84,2.27027027027027,1.841149048201888,0.8220781368102796,8,44.36936936936937,60.13513513513513,35.58558558558559,38.513513513513516,23.423423423423426,19.543650793650798,26.488095238095237,15.674603174603178,16.964285714285715,10.317460317460318,HARV_014,mixedForest,8854.210985,9040.500165,971.2079099999999,16923.50324,17894.711149999996,50.52051463261535,94.57265388717941,1.1694718706627765,0.6447489388971991,13,9,4,18,22,40.909090909090914,81.81818181818183,1.3222894693966978,0.7148760330578512,0.8198988861990891,4.1130867440318415,5.146658647908878,3.8148371938519037,3.0225519293904783,3.6766427276654996,2.8883856599245354,3.1955426481863314,2.4263466940227634,3.599654326373964,2.8138867938935226,HARV
HARV_014 2015,0,0,0,0,0,0,0,0,0,0,0,0,0,0,20,1,0,0,0,0,0,0,0,0,0,0,10,6,5,4,7,54,0,36,107,2.9722222222222223,1.5297453785656754,0.6905406585728011,8,55.55555555555556,150,19.444444444444446,13.88888888888889,27.77777777777778,18.69158878504673,50.467289719626166,6.5420560747663545,4.672897196261682,9.345794392523365,HARV_014,mixedForest,8854.210985,9040.500165,971.2079099999999,16923.50324,17894.711149999996,50.52051463261535,94.57265388717941,1.1694718706627765,0.6447489388971991,13,9,4,18,22,40.909090909090914,81.81818181818183,1.3222894693966978,0.7148760330578512,1.0893098960057963,5.017279836814924,7.104033341674725,4.035223439214303,2.980191579342283,2.700615222614692,1.7356999565975921,3.3596034843633182,2.336580098246731,3.0177111802727663,2.0204948338080424,HARV
HARV_014 2016,0,0,0,0,0,0,0,0,0,0,0,0,0,0,8,0,0,0,0,0,0,1,0,0,0,0,0,1,1,1,6,4,0,38,22,0.5789473684210527,1.5941666991180168,0.7520661157024794,7,21.052631578947366,10.526315789473683,15.789473684210526,2.631578947368421,0,36.36363636363637,18.181818181818183,27.27272727272727,4.545454545454546,0,HARV_014,mixedForest,8854.210985,9040.500165,971.2079099999999,16923.50324,17894.711149999996,50.52051463261535,94.57265388717941,1.1694718706627765,0.6447489388971991,13,9,4,18,22,40.909090909090914,81.81818181818183,1.3222894693966978,0.7148760330578512,-0.5465437063680699,2.4446327506500602,4.264014327112209,3.093431940755697,3.620697941697864,1.2896675254308188,1.7129785913749407,0,0,2.820752123618404,3.3418976393808637,HARV
HARV_014 2017,0,0,0,0,0,0,0,0,0,0,0,0,0,0,16,1,0,0,0,0,0,2,0,0,0,0,2,4,9,1,3,13,1,43,52,1.2093023255813953,1.8532747679740018,0.7995562130177515,10,37.2093023255814,30.23255813953488,6.976744186046512,20.930232558139537,4.651162790697675,30.76923076923077,25,5.769230769230769,17.307692307692307,3.8461538461538463,HARV_014,mixedForest,8854.210985,9040.500165,971.2079099999999,16923.50324,17894.711149999996,50.52051463261535,94.57265388717941,1.1694718706627765,0.6447489388971991,13,9,4,18,22,40.909090909090914,81.81818181818183,1.3222894693966978,0.7148760330578512,0.19004360288786487,3.441461080829675,5,3.643079002343706,3.458498235499496,3.0878661669398952,2.907321316209938,1.731861327646986,1.578185368929996,2.0765303314723775,1.9123874570166697,HARV
HARV_021 2014,0,0,0,0,0,0,0,0,0,0,0,0,0,0,0,0,0,0,0,0,0,0,0,0,0,0,3,3,9,0,0,1,0,36,16,0.4444444444444444,1.1246702892376166,0.609375,4,0,2.7777777777777777,0,25,8.333333333333332,0,6.25,0,56.25,18.75,HARV_021,evergreenForest,2801.0615799999996,4545.45285,2644.8963249999997,4701.618105,7346.514429999999,61.872237416948764,63.99794283123732,0.7467049768085732,0.4871159493129533,7,4,6,5,11,36.36363636363637,45.45454545454545,0.9164648855394713,0.5619834710743802,-0.8109302162163288,1.329135947279942,2.5,0,0,3.258096538021482,4.047427642434349,2.2335922215070942,2.9831534913471307,0,0,HARV
HARV_021 2015,0,0,0,0,0,0,0,0,0,0,0,0,0,0,0,0,0,0,0,0,0,0,0,0,0,0,3,5,13,1,1,9,0,33,32,0.9696969696969697,1.451286238074702,0.720703125,6,0,27.27272727272727,3.0303030303030303,39.39393939393939,9.090909090909092,0,28.125,3.125,40.625,9.375,HARV_021,evergreenForest,2801.0615799999996,4545.45285,2644.8963249999997,4701.618105,7346.514429999999,61.872237416948764,63.99794283123732,0.7467049768085732,0.4871159493129533,7,4,6,5,11,36.36363636363637,45.45454545454545,0.9164648855394713,0.5619834710743802,-0.03077165866675366,3.3418976393808637,5.303300858899107,0,0,3.6986797587122284,3.7287009483006077,2.3116349285139637,2.339399066116762,1.3938415667552735,1.4170660197866443,HARV
HARV_021 2016,0,0,0,0,0,0,0,0,0,0,0,0,0,0,0,0,0,0,0,0,0,0,0,0,0,0,2,3,5,2,1,1,0,32,14,0.4375,1.6307991045856436,0.7755102040816326,6,0,3.125,3.125,15.625,6.25,0,7.142857142857142,7.142857142857142,35.714285714285715,14.285714285714285,HARV_021,evergreenForest,2801.0615799999996,4545.45285,2644.8963249999997,4701.618105,7346.514429999999,61.872237416948764,63.99794283123732,0.7467049768085732,0.4871159493129533,7,4,6,5,11,36.36363636363637,45.45454545454545,0.9164648855394713,0.5619834710743802,-0.8266785731844679,1.4170660197866443,2.6726124191242437,0,0,2.810907586541918,3.6031659358399066,1.9810014688665833,2.7269186854065928,1.4170660197866443,2.097141118779237,HARV
HARV_021 2017,0,0,0,0,0,0,0,0,0,0,0,0,0,0,1,0,0,0,0,0,0,1,0,0,0,0,1,1,8,3,4,2,0,43,21,0.4883720930232558,1.7653395327214008,0.780045351473923,8,2.3255813953488373,4.651162790697675,9.30232558139535,18.6046511627907,2.3255813953488373,4.761904761904762,9.523809523809524,19.047619047619047,38.095238095238095,4.761904761904762,HARV_021,evergreenForest,2801.0615799999996,4545.45285,2644.8963249999997,4701.618105,7346.514429999999,61.872237416948764,63.99794283123732,0.7467049768085732,0.4871159493129533,7,4,6,5,11,36.36363636363637,45.45454545454545,0.9164648855394713,0.5619834710743802,-0.7166776779701395,1.731861327646986,3.0860669992418384,1.2016445145663448,1.751268107873318,2.975766842308293,3.6660006717290052,1.2016445145663448,1.751268107873318,2.3323696543515733,2.9981103959589586,HARV
HARV_021 2018,0,0,0,0,0,0,0,0,0,0,0,0,4,0,2,0,0,0,1,0,0,0,0,0,0,0,2,8,8,3,9,10,0,30,47,1.5666666666666667,1.9844978181873465,0.844726120416478,9,6.666666666666667,33.33333333333333,30,26.666666666666668,6.666666666666667,4.25531914893617,21.27659574468085,19.148936170212767,17.02127659574468,4.25531914893617,HARV_021,evergreenForest,2801.0615799999996,4545.45285,2644.8963249999997,4701.618105,7346.514429999999,61.872237416948764,63.99794283123732,0.7467049768085732,0.4871159493129533,7,4,6,5,11,36.36363636363637,45.45454545454545,0.9164648855394713,0.5619834710743802,0.4489502200479032,3.536116699561526,4.612656040144425,2.03688192726104,1.6592407349179186,3.3202283191284883,2.891553092941996,2.03688192726104,1.6592407349179186,3.4339872044851463,3.00315149147602,HARV
HARV_021 2019,0,0,0,0,0,0,0,0,0,0,0,0,0,0,0,0,0,0,0,0,0,0,0,0,0,0,3,1,1,1,0,1,0,24,7,0.2916666666666667,1.4750763110546947,0.7346938775510204,5,0,4.166666666666666,0,4.166666666666666,12.5,0,14.285714285714285,0,14.285714285714285,42.857142857142854,HARV_021,evergreenForest,2801.0615799999996,4545.45285,2644.8963249999997,4701.618105,7346.514429999999,61.872237416948764,63.99794283123732,0.7467049768085732,0.4871159493129533,7,4,6,5,11,36.36363636363637,45.45454545454545,0.9164648855394713,0.5619834710743802,-1.2321436812926323,1.642227735257091,3.779644730092272,0,0,1.642227735257091,2.7269186854065928,2.6026896854443837,3.780937598531884,0,0,HARV
HARV_022 2014,0,0,0,0,0,0,0,0,1,0,0,0,0,0,2.5,0,0,1,0,0,0,1,0,1,0,0,2.5,2,3,2,1,3,0,36,20,0.5555555555555556,2.29844646787303,0.89125,11,6.944444444444445,8.333333333333332,2.7777777777777777,8.333333333333332,6.944444444444445,12.5,15,5,15,12.5,HARV_022,evergreenForest,1968.706505,21114.52278,0,23083.229284999998,23083.229284999998,91.47126911623536,100,0.4298515244983553,0.1794399796718199,8,19,0,27,27,70.37037037037037,100,1.0608569471580214,0.5212620027434842,-0.587786664902119,2.2335922215070942,3.872983346207417,2.0724728723637424,2.6026896854443837,2.2335922215070942,2.772588722239781,2.0724728723637424,2.6026896854443837,1.329135947279942,1.791759469228055,HARV
HARV_022 2015,0,0,0,0,0,0,0,0,0,0,0,0,0,0,0,0,0,0,0,0,0,5,0,3,0,0,13,3,11,5,1,20,0,36,61,1.6944444444444444,1.7777281596616463,0.7960225745767266,8,0,55.55555555555556,2.7777777777777777,30.555555555555557,36.11111111111111,0,32.78688524590164,1.639344262295082,18.0327868852459,21.311475409836063,HARV_022,evergreenForest,1968.706505,21114.52278,0,23083.229284999998,23083.229284999998,91.47126911623536,100,0.4298515244983553,0.1794399796718199,8,19,0,27,27,70.37037037037037,100,1.0608569471580214,0.5212620027434842,0.5273549257172012,4.035223439214303,5.725983343138682,0,0,3.4517496608249867,2.94616311752458,3.613916415640481,3.1051011384781546,1.329135947279942,0.9705305008111518,HARV
HARV_022 2016,0,0,0,0,0,0,0,0,0,0,0,0,0,0,0,0,0,0,0,0,0,0,0,0,1,0,7,4,9,3,0,10,0,39,34,0.8717948717948718,1.6068529516797638,0.7785467128027681,6,0,25.64102564102564,0,23.076923076923077,17.94871794871795,0,29.411764705882355,0,26.47058823529412,20.588235294117645,HARV_022,evergreenForest,1968.706505,21114.52278,0,23083.229284999998,23083.229284999998,91.47126911623536,100,0.4298515244983553,0.1794399796718199,8,19,0,27,27,70.37037037037037,100,1.0608569471580214,0.5212620027434842,-0.137201121513485,3.282452344969581,5.423261445466404,0,0,3.1812538330786166,3.3131159136126813,2.941736274818555,3.072148503998354,0,0,HARV
HARV_022 2017,0,0,0,0,0,0,0,0,0,0,0,0,0,0,1,0,0,0,0,0,1,1,0,0,0,0,4,12,12,2,0,5,0,44,38,0.8636363636363636,1.6739961343926502,0.7673130193905817,8,2.272727272727273,11.363636363636363,0,27.27272727272727,9.090909090909092,2.631578947368421,13.157894736842104,0,31.57894736842105,10.526315789473683,HARV_022,evergreenForest,1968.706505,21114.52278,0,23083.229284999998,23083.229284999998,91.47126911623536,100,0.4298515244983553,0.1794399796718199,8,19,0,27,27,70.37037037037037,100,1.0608569471580214,0.5212620027434842,-0.1466034741918754,2.5147596129376812,3.6273812505500582,1.1856236656577395,1.2896675254308188,3.3418976393808637,3.483666293518156,2.3116349285139637,2.4446327506500602,0,0,HARV
HARV_022 2018,0,0,0,0,0,0,0,0,0,0,0,0,0,0,0,0,0,0,0,0,0,0,0,0,0,0,1,11,10,16,2,25,0,30,65,2.1666666666666665,1.4725056011358841,0.7379881656804734,6,0,83.33333333333334,6.666666666666667,33.33333333333333,3.3333333333333335,0,38.46153846153847,3.076923076923077,15.384615384615385,1.5384615384615385,HARV_022,evergreenForest,1968.706505,21114.52278,0,23083.229284999998,23083.229284999998,91.47126911623536,100,0.4298515244983553,0.1794399796718199,8,19,0,27,27,70.37037037037037,100,1.0608569471580214,0.5212620027434842,0.7731898882334817,4.43477720005941,6.201736729460423,0,0,3.536116699561526,2.7963428082478887,1.4663370687934272,0.9315582040049435,2.03688192726104,1.405342556090585,HARV
HARV_022 2019,0,0,0,0,0,0,0,0,0,0,0,0,0,0,19,0,0,0,0,0,0,1,0,1,0,0,5,1,1,1,1,1,0,29,31,1.0689655172413792,1.3697442958937633,0.5910509885535902,9,65.51724137931035,3.4482758620689653,3.4482758620689653,3.4482758620689653,17.24137931034483,61.29032258064516,3.225806451612903,3.225806451612903,3.225806451612903,16.129032258064516,HARV_022,evergreenForest,1968.706505,21114.52278,0,23083.229284999998,23083.229284999998,91.47126911623536,100,0.4298515244983553,0.1794399796718199,8,19,0,27,27,70.37037037037037,100,1.0608569471580214,0.5212620027434842,0.06669137449867214,1.492516574375198,1.796053020267749,4.197461182919255,4.131806077943368,1.492516574375198,1.4412101187160054,2.9036926018718257,2.8407748167567926,1.492516574375198,1.4412101187160054,HARV
